payment_type,payment_name,trip_count,avg_total
1,Credit card,7225170,28.47648388337758
2,Cash,1501635,23.871687633816563
4,Dispute,50643,24.221544339790213
3,No charge,29710,22.59045270952537
